{"cameraMode":{"drawMode":0,"name":"Shaded","section":"Shading Mode"},"sceneLighting":false,"audioPlay":false,"sceneViewState":{"m_AlwaysRefresh":false,"showFog":true,"showSkybox":false,"showFlares":true,"showImageEffects":true,"showParticleSystems":true,"showVisualEffectGraphs":true,"m_FxEnabled":true},"in2DMode":false,"pivot":{"x":-0.6140947341918945,"y":-0.9206405878067017,"z":1.9123462438583375},"rotation":{"x":-0.07909539341926575,"y":0.6151765584945679,"z":-0.06222665309906006,"w":-0.7819404602050781},"size":3.4038312435150148,"orthographic":false}